id,name,parent_id
1,レディース,“”
2,トップス,1
3,Tシャツ/カットソー(半袖/袖なし),2
4,Tシャツ/カットソー(七分/長袖),2
5,シャツ/ブラウス(半袖/袖なし),2
6,シャツ/ブラウス(七分/長袖),2
7,ポロシャツ,2
8,キャミソール,2
9,タンクトップ,2
10,ホルターネック,2
11,ニット/セーター,2
12,チュニック,2
13,カーディガン/ボレロ,2
14,アンサンブル,2
15,ベスト/ジレ,2
16,パーカー,2
17,トレーナー/スウェット,2
18,ベアトップ/チューブトップ,2
19,ジャージ,2
20,その他,2
21,ジャケット/アウター,1
22,ノーカラージャケット,21
23,Gジャン/デニムジャケット,21
24,レザージャケット,21
25,ダウンジャケット,21
26,ライダースジャケット,21
27,ミリタリージャケット,21
28,ダウンベスト,21
29,ジャンパー/ブルゾン,21
30,ポンチョ,21
31,ロングコート,21
32,トレンチコート,21
33,ダッフルコート,21
34,ピーコート,21
35,チェスターコート,21
36,モッズコート,21
37,スタジャン,21
38,毛皮/ファーコート,21
39,スプリングコート,21
40,スカジャン,21
41,その他,21
42,パンツ,1
43,デニム/ジーンズ,42
44,ショートパンツ,42
45,カジュアルパンツ,42
46,ハーフパンツ,42
47,チノパン,42
48,ワークパンツ/カーゴパンツ,42
49,クロップドパンツ,42
50,サロペット/オーバーオール,42
51,オールインワン,42
52,サルエルパンツ,42
53,ガウチョパンツ,42
54,その他,42
55,スカート,1
56,ミニスカート,55
57,ひざ丈スカート,55
58,ロングスカート,55
59,キュロット,55
60,その他,55
61,ワンピース,1
62,ミニワンピース,61
63,ひざ丈ワンピース,61
64,ロングワンピース,61
65,その他,61
66,靴,1
67,ハイヒール/パンプス,66
68,ブーツ,66
69,サンダル,66
70,スニーカー,66
71,ミュール,66
72,モカシン,66
73,ローファー/革靴,66
74,フラットシューズ/バレエシューズ,66
75,長靴/レインシューズ,66
76,その他,66
77,ルームウェア/パジャマ,1
78,パジャマ,77
79,ルームウェア,77
80,レッグウェア,1
81,ソックス,80
82,スパッツ/レギンス,80
83,ストッキング/タイツ,80
84,レッグウォーマー,80
85,その他,80
86,帽子,1
87,ニットキャップ/ビーニー,86
88,ハット,86
89,ハンチング/ベレー帽,86
90,キャップ,86
91,キャスケット,86
92,麦わら帽子,86
93,その他,86
94,バッグ,1
95,ハンドバッグ,94
96,トートバッグ,94
97,エコバッグ,94
98,リュック/バックパック,94
99,ボストンバッグ,94
100,スポーツバッグ,94
101,ショルダーバッグ,94
102,クラッチバッグ,94
103,ポーチ/バニティ,94
104,ボディバッグ/ウェストバッグ,94
105,マザーズバッグ,94
106,メッセンジャーバッグ,94
107,ビジネスバッグ,94
108,旅行用バッグ/キャリーバッグ,94
109,ショップ袋,94
110,和装用バッグ,94
111,かごバッグ,94
112,その他,94
113,アクセサリー,1
114,ネックレス,113
115,ブレスレット,113
116,バングル/リストバンド,113
117,リング,113
118,ピアス(片耳用),113
119,ピアス(両耳用),113
120,イヤリング,113
121,アンクレット,113
122,ブローチ/コサージュ,113
123,チャーム,113
124,その他,113
125,ヘアアクセサリー,1
126,ヘアゴム/シュシュ,125
127,ヘアバンド/カチューシャ,125
128,ヘアピン,125
129,その他,125
130,小物,1
131,長財布,130
132,折り財布,130
133,コインケース/小銭入れ,130
134,名刺入れ/定期入れ,130
135,キーケース,130
136,キーホルダー,130
137,手袋/アームカバー,130
138,ハンカチ,130
139,ベルト,130
140,マフラー/ショール,130
141,ストール/スヌード,130
142,バンダナ/スカーフ,130
143,ネックウォーマー,130
144,サスペンダー,130
145,サングラス/メガネ,130
146,モバイルケース/カバー,130
147,手帳,130
148,イヤマフラー,130
149,傘,130
150,レインコート/ポンチョ,130
151,ミラー,130
152,タバコグッズ,130
153,その他,130
154,時計,1
155,腕時計(アナログ),154
156,腕時計(デジタル),154
157,ラバーベルト,154
158,レザーベルト,154
159,金属ベルト,154
160,その他,154
161,ウィッグ/エクステ,1
162,前髪ウィッグ,161
163,ロングストレート,161
164,ロングカール,161
165,ショートストレート,161
166,ショートカール,161
167,その他,161
168,浴衣/水着,1
169,浴衣,168
170,着物,168
171,振袖,168
172,長襦袢/半襦袢,168
173,水着セパレート,168
174,水着ワンピース,168
175,水着スポーツ用,168
176,その他,168
177,スーツ/フォーマル/ドレス,1
178,スカートスーツ上下,177
179,パンツスーツ上下,177
180,ドレス,177
181,パーティーバッグ,177
182,シューズ,177
183,ウェディング,177
184,その他,177
185,マタニティ,1
186,トップス,185
187,アウター,185
188,インナー,185
189,ワンピース,185
190,パンツ/スパッツ,185
191,スカート,185
192,パジャマ,185
193,授乳服,185
194,その他,185
195,その他,1
196,コスプレ,195
197,下着,195
198,その他,195
199,メンズ,“”
200,トップス,199
201,Tシャツ/カットソー(半袖/袖なし),200
202,Tシャツ/カットソー(七分/長袖),200
203,シャツ,200
204,ポロシャツ,200
205,タンクトップ,200
206,ニット/セーター,200
207,パーカー,200
208,カーディガン,200
209,スウェット,200
210,ジャージ,200
211,ベスト,200
212,その他,200
213,ジャケット/アウター,199
214,テーラードジャケット,213
215,ノーカラージャケット,213
216,Gジャン/デニムジャケット,213
217,レザージャケット,213
218,ダウンジャケット,213
219,ライダースジャケット,213
220,ミリタリージャケット,213
221,ナイロンジャケット,213
222,フライトジャケット,213
223,ダッフルコート,213
224,ピーコート,213
225,ステンカラーコート,213
226,トレンチコート,213
227,モッズコート,213
228,チェスターコート,213
229,スタジャン,213
230,スカジャン,213
231,ブルゾン,213
232,マウンテンパーカー,213
233,ダウンベスト,213
234,ポンチョ,213
235,カバーオール,213
236,その他,213
237,パンツ,199
238,デニム/ジーンズ,237
239,ワークパンツ/カーゴパンツ,237
240,スラックス,237
241,チノパン,237
242,ショートパンツ,237
243,ペインターパンツ,237
244,サルエルパンツ,237
245,オーバーオール,237
246,その他,237
247,靴,199
248,スニーカー,247
249,サンダル,247
250,ブーツ,247
251,モカシン,247
252,ドレス/ビジネス,247
253,長靴/レインシューズ,247
254,デッキシューズ,247
255,その他,247
256,バッグ,199
257,ショルダーバッグ,256
258,トートバッグ,256
259,ボストンバッグ,256
260,リュック/バックパック,256
261,ウエストポーチ,256
262,ボディーバッグ,256
263,ドラムバッグ,256
264,ビジネスバッグ,256
265,トラベルバッグ,256
266,メッセンジャーバッグ,256
267,エコバッグ,256
268,その他,256
269,スーツ,199
270,スーツジャケット,269
271,スーツベスト,269
272,スラックス,269
273,セットアップ,269
274,その他,269
275,帽子,199
276,キャップ,275
277,ハット,275
278,ニットキャップ/ビーニー,275
279,ハンチング/ベレー帽,275
280,キャスケット,275
281,サンバイザー,275
282,その他,275
283,アクセサリー,199
284,ネックレス,283
285,ブレスレット,283
286,バングル/リストバンド,283
287,リング,283
288,ピアス(片耳用),283
289,ピアス(両耳用),283
290,アンクレット,283
291,その他,283
292,小物,199
293,長財布,292
294,折り財布,292
295,マネークリップ,292
296,コインケース/小銭入れ,292
297,名刺入れ/定期入れ,292
298,キーケース,292
299,キーホルダー,292
300,ネクタイ,292
301,手袋,292
302,ハンカチ,292
303,ベルト,292
304,マフラー,292
305,ストール,292
306,バンダナ,292
307,ネックウォーマー,292
308,サスペンダー,292
309,ウォレットチェーン,292
310,サングラス/メガネ,292
311,モバイルケース/カバー,292
312,手帳,292
313,ストラップ,292
314,ネクタイピン,292
315,カフリンクス,292
316,イヤマフラー,292
317,傘,292
318,レインコート,292
319,ミラー,292
320,タバコグッズ,292
321,その他,292
322,時計,199
323,腕時計(アナログ),322
324,腕時計(デジタル),322
325,ラバーベルト,322
326,レザーベルト,322
327,金属ベルト,322
328,その他,322
329,水着,199
330,一般水着,329
331,スポーツ用,329
332,アクセサリー,329
333,その他,329
334,レッグウェア,199
335,ソックス,334
336,レギンス/スパッツ,334
337,レッグウォーマー,334
338,その他,334
339,アンダーウェア,199
340,トランクス,339
341,ボクサーパンツ,339
342,その他,339
343,その他,199
344,ベビー・キッズ,“”
345,ベビー服(女の子用) ~95cm,344
346,トップス,345
347,アウター,345
348,パンツ,345
349,スカート,345
350,ワンピース,345
351,ベビードレス,345
352,おくるみ,345
353,下着/肌着,345
354,パジャマ,345
355,ロンパース,345
356,その他,345
357,ベビー服(男の子用) ~95cm,344
358,トップス,357
359,アウター,357
360,パンツ,357
361,おくるみ,357
362,下着/肌着,357
363,パジャマ,357
364,ロンパース,357
365,その他,357
366,ベビー服(男女兼用) ~95cm,344
367,トップス,366
368,アウター,366
369,パンツ,366
370,おくるみ,366
371,下着/肌着,366
372,パジャマ,366
373,ロンパース,366
374,その他,366
375,キッズ服(女の子用) 100cm~,344
376,コート,375
377,ジャケット/上着,375
378,トップス(Tシャツ/カットソー),375
379,トップス(トレーナー),375
380,トップス(チュニック),375
381,トップス(タンクトップ),375
382,トップス(その他),375
383,スカート,375
384,パンツ,375
385,ワンピース,375
386,セットアップ,375
387,パジャマ,375
388,フォーマル/ドレス,375
389,和服,375
390,浴衣,375
391,甚平,375
392,水着,375
393,その他,375
394,キッズ服(男の子用) 100cm~,344
395,コート,394
396,ジャケット/上着,394
397,トップス(Tシャツ/カットソー),394
398,トップス(トレーナー),394
399,トップス(その他),394
400,パンツ,394
401,セットアップ,394
402,パジャマ,394
403,フォーマル/ドレス,394
404,和服,394
405,浴衣,394
406,甚平,394
407,水着,394
408,その他,394
409,キッズ服(男女兼用) 100cm~,344
410,コート,409
411,ジャケット/上着,409
412,トップス(Tシャツ/カットソー),409
413,トップス(トレーナー),409
414,トップス(その他),409
415,ボトムス,409
416,パジャマ,409
417,その他,409
418,キッズ靴,344
419,スニーカー,418
420,サンダル,418
421,ブーツ,418
422,長靴,418
423,その他,418
424,子ども用ファッション小物,344
425,靴下/スパッツ,424
426,帽子,424
427,エプロン,424
428,サスペンダー,424
429,タイツ,424
430,ハンカチ,424
431,バンダナ,424
432,ベルト,424
433,マフラー,424
434,傘,424
435,手袋,424
436,スタイ,424
437,バッグ,424
438,その他,424
439,おむつ/トイレ/バス,344
440,おむつ用品,439
441,おまる/補助便座,439
442,トレーニングパンツ,439
443,ベビーバス,439
444,お風呂用品,439
445,その他,439
446,外出/移動用品,344
447,ベビーカー,446
448,抱っこひも/スリング,446
449,チャイルドシート,446
450,その他,446
451,授乳/食事,344
452,ミルク,451
453,ベビーフード,451
454,ベビー用食器,451
455,その他,451
456,ベビー家具/寝具/室内用品,451
457,ベッド,451
458,布団/毛布,451
459,イス,451
460,たんす,451
461,その他,451
462,おもちゃ,344
463,おふろのおもちゃ,462
464,がらがら,462
465,オルゴール,462
466,ベビージム,462
467,手押し車/カタカタ,462
468,知育玩具,462
469,その他,462
470,行事/記念品,344
471,お宮参り用品,470
472,お食い初め用品,470
473,アルバム,470
474,手形/足形,470
475,その他,470
476,その他,344
477,母子手帳用品,476
478,その他,476
479,インテリア・住まい・小物,“”
480,キッチン/食器,479
481,食器,480
482,調理器具,480
483,収納/キッチン雑貨,480
484,弁当用品,480
485,カトラリー(スプーン等),480
486,テーブル用品,480
487,容器,480
488,エプロン,480
489,アルコールグッズ,480
490,浄水機,480
491,その他,480
492,ベッド/マットレス,479
493,セミシングルベッド,492
494,シングルベッド,492
495,セミダブルベッド,492
496,ダブルベッド,492
497,ワイドダブルベッド,492
498,クイーンベッド,492
499,キングベッド,492
500,脚付きマットレスベッド,492
501,マットレス,492
502,すのこベッド,492
503,ロフトベッド/システムベッド,492
504,簡易ベッド/折りたたみベッド,492
505,収納付き,492
506,その他,492
507,ソファ/ソファベッド,479
508,ソファセット,507
509,シングルソファ,507
510,ラブソファ,507
511,トリプルソファ,507
512,オットマン,507
513,コーナーソファ,507
514,ビーズソファ/クッションソファ,507
515,ローソファ/フロアソファ,507
516,ソファベッド,507
517,応接セット,507
518,ソファカバー,507
519,リクライニングソファ,507
520,その他,507
521,椅子/チェア,479
522,一般,521
523,スツール,521
524,ダイニングチェア,521
525,ハイバックチェア,521
526,ロッキングチェア,521
527,座椅子,521
528,折り畳みイス,521
529,デスクチェア,521
530,その他,521
531,机/テーブル,479
532,こたつ,531
533,カウンターテーブル,531
534,サイドテーブル,531
535,センターテーブル,531
536,ダイニングテーブル,531
537,座卓/ちゃぶ台,531
538,アウトドア用,531
539,パソコン用,531
540,事務机/学習机,531
541,その他,531
542,収納家具,479
543,リビング収納,542
544,キッチン収納,542
545,玄関/屋外収納,542
546,バス/トイレ収納,542
547,本収納,542
548,本/CD/DVD収納,542
549,洋服タンス/押入れ収納,542
550,電話台/ファックス台,542
551,ドレッサー/鏡台,542
552,棚/ラック,542
553,ケース/ボックス,542
554,その他,542
555,ラグ/カーペット/マット,479
556,ラグ,555
557,カーペット,555
558,ホットカーペット,555
559,玄関/キッチンマット,555
560,トイレ/バスマット,555
561,その他,555
562,カーテン/ブラインド,555
563,カーテン,555
564,ブラインド,555
565,ロールスクリーン,555
566,のれん,555
567,その他,555
568,ライト/照明,479
569,蛍光灯/電球,568
570,天井照明,568
571,フロアスタンド,568
572,その他,568
573,寝具,479
574,布団/毛布,573
575,枕,573
576,シーツ/カバー,573
577,その他,573
578,インテリア小物,479
579,ごみ箱,578
580,ウェルカムボード,578
581,オルゴール,578
582,クッション,578
583,クッションカバー,578
584,スリッパラック,578
585,ティッシュボックス,578
586,バスケット/かご,578
587,フォトフレーム,578
588,マガジンラック,578
589,モビール,578
590,花瓶,578
591,灰皿,578
592,傘立て,578
593,小物入れ,578
594,置時計,578
595,掛時計/柱時計,578
596,鏡(立て掛け式),578
597,鏡(壁掛け式),578
598,置物,578
599,風鈴,578
600,植物/観葉植物,578
601,その他,578
602,季節/年中行事,479
603,正月,602
604,成人式,602
605,バレンタインデー,602
606,ひな祭り,602
607,子どもの日,602
608,母の日,602
609,父の日,602
610,サマーギフト/お中元,602
611,夏/夏休み,602
612,ハロウィン,602
613,敬老の日,602
614,七五三,602
615,お歳暮,602
616,クリスマス,602
617,冬一般,602
618,その他,602
619,その他,479
620,本・音楽・ゲーム,“”
621,本,620
622,文学/小説,621
623,人文/社会,621
624,ノンフィクション/教養,621
625,地図/旅行ガイド,621
626,ビジネス/経済,621
627,健康/医学,621
628,コンピュータ/IT,621
629,趣味/スポーツ/実用,621
630,住まい/暮らし/子育て,621
631,アート/エンタメ,621
632,洋書,621
633,絵本,621
634,参考書,621
635,その他,621
636,漫画,620
637,全巻セット,636
638,少年漫画,636
639,少女漫画,636
640,青年漫画,636
641,女性漫画,636
642,同人誌,636
643,その他,636
644,雑誌,620
645,アート/エンタメ/ホビー,644
646,ファッション,644
647,ニュース/総合,644
648,趣味/スポーツ,644
649,その他,644
650,CD,620
651,邦楽,650
652,洋楽,650
653,アニメ,650
654,クラシック,650
655,K-POP/アジア,650
656,キッズ/ファミリー,650
657,その他,650
658,DVD/ブルーレイ,620
659,外国映画,658
660,日本映画,658
661,アニメ,658
662,TVドラマ,658
663,ミュージック,658
664,お笑い/バラエティ,658
665,スポーツ/フィットネス,658
666,キッズ/ファミリー,658
667,その他,658
668,レコード,620
669,邦楽,668
670,洋楽,668
671,その他,668
672,テレビゲーム,620
673,家庭用ゲーム本体,672
674,家庭用ゲームソフト,672
675,携帯用ゲーム本体,672
676,携帯用ゲームソフト,672
677,PCゲーム,672
678,その他,672
679,おもちゃ・ホビー・グッズ,“”
680,おもちゃ,679
681,キャラクターグッズ,680
682,ぬいぐるみ,680
683,小物/アクセサリー,680
684,模型/プラモデル,680
685,ミニカー,680
686,トイラジコン,680
687,プラモデル,680
688,ホビーラジコン,680
689,鉄道模型,680
690,その他,680
691,タレントグッズ,679
692,アイドル,691
693,ミュージシャン,691
694,タレント/お笑い芸人,691
695,スポーツ選手,691
696,その他,691
697,コミック/アニメグッズ,679
698,ストラップ,697
699,キーホルダー,697
700,バッジ,697
701,カード,697
702,クリアファイル,697
703,ポスター,697
704,タオル,697
705,その他,697
706,トレーディングカード,679
707,遊戯王,706
708,マジック：ザ・ギャザリング,706
709,ポケモンカードゲーム,706
710,デュエルマスターズ,706
711,バトルスピリッツ,706
712,プリパラ,706
713,アイカツ,706
714,カードファイト!! ヴァンガード,706
715,ヴァイスシュヴァルツ,706
716,プロ野球オーナーズリーグ,706
717,ベースボールヒーローズ,706
718,ドラゴンボール,706
719,スリーブ,706
720,その他,706
721,フィギュア,679
722,コミック/アニメ,721
723,特撮,721
724,ゲームキャラクター,721
725,SF/ファンタジー/ホラー,721
726,アメコミ,721
727,スポーツ,721
728,ミリタリー,721
729,その他,721
730,楽器/器材,679
731,エレキギター,730
732,アコースティックギター,730
733,ベース,730
734,エフェクター,730
735,アンプ,730
736,弦楽器,730
737,管楽器,730
738,鍵盤楽器,730
739,打楽器,730
740,和楽器,730
741,楽譜/スコア,730
742,レコーディング/PA機器,730
743,DJ機器,730
744,DTM/DAW,730
745,その他,730
746,コレクション,679
747,武具,746
748,使用済切手/官製はがき,746
749,旧貨幣/金貨/銀貨/記念硬貨,746
750,印刷物,746
751,ノベルティグッズ,746
752,その他,746
753,ミリタリー,679
754,トイガン,753
755,個人装備,753
756,その他,753
757,美術品,679
758,陶芸,757
759,ガラス,757
760,漆芸,757
761,金属工芸,757
762,絵画/タペストリ,757
763,版画,757
764,彫刻/オブジェクト,757
765,書,757
766,写真,757
767,その他,757
768,アート用品,679
769,画材,768
770,額縁,768
771,その他,768
772,その他,679
773,トランプ/UNO,772
774,カルタ/百人一首,772
775,ダーツ,772
776,ビリヤード,772
777,麻雀,772
778,パズル/ジグソーパズル,772
779,囲碁/将棋,772
780,オセロ/チェス,772
781,人生ゲーム,772
782,野球/サッカーゲーム,772
783,スポーツ,772
784,三輪車/乗り物,772
785,ヨーヨー,772
786,模型製作用品,772
787,鉄道,772
788,航空機,772
789,アマチュア無線,772
790,パチンコ/パチスロ,772
791,その他,772
792,コスメ・香水・美容,“”
793,ベースメイク,792
794,ファンデーション,793
795,化粧下地,793
796,コントロールカラー,793
797,BBクリーム,793
798,CCクリーム,793
799,コンシーラー,793
800,フェイスパウダー,793
801,トライアルセット/サンプル,793
802,その他,793
803,メイクアップ,792
804,アイシャドウ,803
805,口紅,803
806,リップグロス,803
807,リップライナー,803
808,チーク,803
809,フェイスカラー,803
810,マスカラ,803
811,アイライナー,803
812,つけまつげ,803
813,アイブロウペンシル,803
814,パウダーアイブロウ,803
815,眉マスカラ,803
816,トライアルセット/サンプル,803
817,メイク道具/化粧小物,803
818,美顔用品/美顔ローラー,803
819,その他,803
820,ネイルケア,792
821,ネイルカラー,820
822,カラージェル,820
823,ネイルベースコート/トップコート,820
824,ネイルアート用品,820
825,ネイルパーツ,820
826,ネイルチップ/付け爪,820
827,手入れ用具,820
828,除光液,820
829,その他,820
830,香水,792
831,香水(女性用),830
832,香水(男性用),830
833,ユニセックス,830
834,ボディミスト,830
835,その他,830
836,スキンケア/基礎化粧品,792
837,化粧水/ローション,836
838,乳液/ミルク,836
839,美容液,836
840,フェイスクリーム,836
841,洗顔料,836
842,クレンジング/メイク落とし,836
843,パック/フェイスマスク,836
844,ジェル/ゲル,836
845,ブースター/導入液,836
846,アイケア,836
847,リップケア,836
848,トライアルセット/サンプル,836
849,洗顔グッズ,836
850,その他,836
851,ヘアケア,792
852,シャンプー,851
853,トリートメント,851
854,コンディショナー,851
855,リンス,851
856,スタイリング剤,851
857,カラーリング剤,851
858,ブラシ,851
859,その他,851
860,ボディケア,792
861,オイル/クリーム,860
862,ハンドクリーム,860
863,ローション,860
864,日焼け止め/サンオイル,860
865,ボディソープ,860
866,入浴剤,860
867,制汗/デオドラント,860
868,フットケア,860
869,その他,860
870,オーラルケア,792
871,口臭防止/エチケット用品,870
872,歯ブラシ,870
873,その他,870
874,リラクゼーション,792
875,エッセンシャルオイル,874
876,芳香器,874
877,お香/香炉,874
878,キャンドル,874
879,リラクゼーショングッズ,874
880,その他,874
881,ダイエット,792
882,ダイエット食品,881
883,エクササイズ用品,881
884,体重計,881
885,体脂肪計,881
886,その他,881
887,その他,792
888,健康用品,887
889,看護/介護用品,887
890,救急/衛生用品,887
891,その他,887
892,家電・スマホ・カメラ,“”
893,スマートフォン/携帯電話,892
894,スマートフォン本体,893
895,バッテリー/充電器,893
896,携帯電話本体,893
897,PHS本体,893
898,その他,893
899,スマホアクセサリー,892
900,Android用ケース,899
901,iPhone用ケース,899
902,カバー,899
903,イヤホンジャック,899
904,ストラップ,899
905,フィルム,899
906,自撮り棒,899
907,その他,899
908,PC/タブレット,892
909,タブレット,908
910,ノートPC,908
911,デスクトップ型PC,908
912,ディスプレイ,908
913,電子ブックリーダー,908
914,PC周辺機器,908
915,PCパーツ,908
916,その他,908
917,カメラ,892
918,デジタルカメラ,917
919,ビデオカメラ,917
920,レンズ(単焦点),917
921,レンズ(ズーム),917
922,フィルムカメラ,917
923,防犯カメラ,917
924,その他,917
925,テレビ/映像機器,892
926,テレビ,925
927,プロジェクター,925
928,ブルーレイレコーダー,925
929,DVDレコーダー,925
930,ブルーレイプレーヤー,925
931,DVDプレーヤー,925
932,映像用ケーブル,925
933,その他,925
934,オーディオ機器,892
935,ポータブルプレーヤー,934
936,イヤフォン,934
937,ヘッドフォン,934
938,アンプ,934
939,スピーカー,934
940,ケーブル/シールド,934
941,ラジオ,934
942,その他,934
943,美容/健康,892
944,ヘアドライヤー,943
945,ヘアアイロン,943
946,美容機器,943
947,電気シェーバー,943
948,電動歯ブラシ,943
949,その他,943
950,冷暖房/空調,892
951,エアコン,950
952,空気清浄器,950
953,加湿器,950
954,扇風機,950
955,除湿機,950
956,ファンヒーター,950
957,電気ヒーター,950
958,オイルヒーター,950
959,ストーブ,950
960,ホットカーペット,950
961,こたつ,950
962,電気毛布,950
963,その他,950
964,生活家電,892
965,冷蔵庫,964
966,洗濯機,964
967,炊飯器,964
968,電子レンジ/オーブン,964
969,調理機器,964
970,アイロン,964
971,掃除機,964
972,エスプレッソマシン,964
973,コーヒーメーカー,964
974,衣類乾燥機,964
975,その他,964
976,その他,892
977,その他,976
978,スポーツ・レジャー,“”
979,ゴルフ,978
980,クラブ,979
981,ウエア(男性用),979
982,ウエア(女性用),979
983,バッグ,979
984,シューズ(男性用),979
985,シューズ(女性用),979
986,アクセサリー,979
987,その他,979
988,フィッシング,978
989,ロッド,979
990,リール,979
991,ルアー用品,979
992,ウエア,979
993,釣り糸/ライン,979
994,その他,979
995,自転車,978
996,自転車本体,979
997,ウエア,979
998,パーツ,979
999,アクセサリー,979
1000,バッグ,979
1001,工具/メンテナンス,979
1002,その他,979
1003,トレーニング/エクササイズ,978
1004,ランニング,1003
1005,ウォーキング,1003
1006,ヨガ,1003
1007,トレーニング用品,1003
1008,その他,1003
1009,野球,978
1010,ウェア,1009
1011,シューズ,1009
1012,グローブ,1009
1013,バット,1009
1014,アクセサリー,1009
1015,防具,1009
1016,練習機器,1009
1017,記念グッズ,1009
1018,応援グッズ,1009
1019,その他,1009
1020,サッカー/フットサル,978
1021,ウェア,1020
1022,シューズ,1020
1023,ボール,1020
1024,アクセサリー,1020
1025,記念グッズ,1020
1026,応援グッズ,1020
1027,その他,1020
1028,テニス,978
1029,ラケット(硬式用),1028
1030,ラケット(軟式用),1028
1031,ウェア,1028
1032,シューズ,1028
1033,ボール,1028
1034,アクセサリー,1028
1035,記念グッズ,1028
1036,応援グッズ,1028
1037,その他,1028
1038,スノーボード,978
1039,ボード,1038
1040,バインディング,1038
1041,ブーツ(男性用),1038
1042,ブーツ(女性用),1038
1043,ブーツ(子ども用),1038
1044,ウエア/装備(男性用),1038
1045,ウエア/装備(女性用),1038
1046,ウエア/装備(子ども用),1038
1047,アクセサリー,1038
1048,バッグ,1038
1049,その他,1038
1050,スキー,978
1051,板,1050
1052,ブーツ(男性用),1050
1053,ブーツ(女性用),1050
1054,ブーツ(子ども用),1050
1055,ビンディング,1050
1056,ウエア(男性用),1050
1057,ウエア(女性用),1050
1058,ウエア(子ども用),1050
1059,ストック,1050
1060,その他,1050
1061,その他スポーツ,978
1062,ダンス/バレエ,1061
1063,サーフィン,1061
1064,バスケットボール,1061
1065,バドミントン,1061
1066,バレーボール,1061
1067,スケートボード,1061
1068,陸上競技,1061
1069,ラグビー,1061
1070,アメリカンフットボール,1061
1071,ボクシング,1061
1072,ボウリング,1061
1073,その他,1061
1074,アウトドア,978
1075,テント/タープ,1074
1076,ライト/ランタン,1074
1077,寝袋/寝具,1074
1078,テーブル/チェア,1074
1079,ストーブ/コンロ,1074
1080,調理器具,1074
1081,食器,1074
1082,登山用品,1074
1083,その他,1074
1084,その他,978
1085,旅行用品,1084
1086,その他,1084
1087,ハンドメイド,“”
1088,アクセサリー(女性用),1087
1089,ピアス,1088
1090,イヤリング,1088
1091,ネックレス,1088
1092,ブレスレット,1088
1093,リング,1088
1094,チャーム,1088
1095,ヘアゴム,1088
1096,アンクレット,1088
1097,その他,1088
1098,ファッション/小物,1087
1099,バッグ(女性用),1098
1100,バッグ(男性用),1098
1101,財布(女性用),1098
1102,財布(男性用),1098
1103,ファッション雑貨,1098
1104,その他,1098
1105,アクセサリー/時計,1098
1106,アクセサリー(男性用),1098
1107,時計(女性用),1098
1108,時計(男性用),1098
1109,その他,1098
1110,日用品/インテリア,1087
1111,キッチン用品,1110
1112,家具,1110
1113,文房具,1110
1114,アート/写真,1110
1115,アロマ/キャンドル,1110
1116,フラワー/ガーデン,1110
1117,その他,1110
1118,趣味/おもちゃ,1087
1119,クラフト/布製品,1118
1120,おもちゃ/人形,1118
1121,その他,1118
1122,キッズ/ベビー,1087
1123,ファッション雑貨,1122
1124,スタイ/よだれかけ,1122
1125,外出用品,1122
1126,ネームタグ,1122
1127,その他,1122
1128,素材/材料,1087
1129,各種パーツ,1128
1130,生地/糸,1128
1131,型紙/パターン,1128
1132,その他,1128
1133,二次創作物,1087
1134,Ingress,1133
1135,クリエイターズ宇宙兄弟,1133
1136,その他,1087
1137,チケット,“”
1138,音楽,1137
1139,男性アイドル,1138
1140,女性アイドル,1138
1141,韓流,1138
1142,国内アーティスト,1138
1143,海外アーティスト,1138
1144,音楽フェス,1138
1145,声優/アニメ,1138
1146,その他,1138
1147,スポーツ,1137
1148,サッカー,1147
1149,野球,1147
1150,テニス,1147
1151,格闘技/プロレス,1147
1152,相撲/武道,1147
1153,ゴルフ,1147
1154,バレーボール,1147
1155,バスケットボール,1147
1156,モータースポーツ,1147
1157,ウィンタースポーツ,1147
1158,その他,1147
1159,演劇/芸能,1137
1160,ミュージカル,1159
1161,演劇,1159
1162,伝統芸能,1159
1163,落語,1159
1164,お笑い,1159
1165,オペラ,1159
1166,サーカス,1159
1167,バレエ,1159
1168,その他,1159
1169,イベント,1159
1170,声優/アニメ,1159
1171,キッズ/ファミリー,1159
1172,トークショー/講演会,1159
1173,その他,1159
1174,映画,1137
1175,邦画,1174
1176,洋画,1174
1177,その他,1174
1178,施設利用券,1137
1179,遊園地/テーマパーク,1178
1180,美術館/博物館,1178
1181,スキー場,1178
1182,ゴルフ場,1178
1183,フィットネスクラブ,1178
1184,プール,1178
1185,ボウリング場,1178
1186,水族館,1178
1187,動物園,1178
1188,その他,1178
1189,優待券/割引券,1137
1190,ショッピング,1189
1191,レストラン/食事券,1189
1192,フード/ドリンク券,1189
1193,宿泊券,1189
1194,その他,1189
1195,その他,1137
1196,自動車・オートバイ,“”
1197,自動車本体,1196
1198,国内自動車本体,1197
1199,外国自動車本体,1197
1200,自動車タイヤ/ホイール,1196
1201,タイヤ/ホイールセット,1200
1202,タイヤ,1200
1203,ホイール,1200
1204,その他,1200
1205,自動車パーツ,1196
1206,サスペンション,1205
1207,ブレーキ,1205
1208,外装、エアロパーツ,1205
1209,ライト,1205
1210,内装品、シート,1205
1211,ステアリング,1205
1212,マフラー・排気系,1205
1213,エンジン、過給器、冷却装置,1205
1214,クラッチ、ミッション、駆動系,1205
1215,電装品,1205
1216,補強パーツ,1205
1217,汎用パーツ,1205
1218,外国自動車用パーツ,1205
1219,その他,1205
1220,自動車アクセサリー,1196
1221,車内アクセサリー,1220
1222,カーナビ,1220
1223,カーオーディオ,1220
1224,車外アクセサリー,1220
1225,メンテナンス用品,1220
1226,チャイルドシート,1220
1227,ドライブレコーダー,1220
1228,レーダー探知機,1220
1229,カタログ/マニュアル,1220
1230,セキュリティ,1220
1231,ETC,1220
1232,その他,1220
1233,オートバイ車体,1196
1234,オートバイパーツ,1196
1235,タイヤ,1234
1236,マフラー,1234
1237,エンジン、冷却装置,1234
1238,カウル、フェンダー、外装,1234
1239,サスペンション,1234
1240,ホイール,1234
1241,シート,1234
1242,ブレーキ,1234
1243,タンク,1234
1244,ライト、ウィンカー,1234
1245,チェーン、スプロケット、駆動系,1234
1246,メーター,1234
1247,電装系,1234
1248,ミラー,1234
1249,外国オートバイ用パーツ,1234
1250,その他,1234
1251,オートバイアクセサリー,1196
1252,ヘルメット/シールド,1251
1253,バイクウエア/装備,1251
1254,アクセサリー,1251
1255,メンテナンス,1251
1256,カタログ/マニュアル,1251
1257,その他,1251
1258,その他,””
1259,まとめ売り,1258
1260,ペット用品,1258
1261,ペットフード,1560
1262,犬用品,1560
1263,猫用品,1560
1264,魚用品/水草,1560
1265,小動物用品,1560
1266,爬虫類/両生類用品,1560
1267,かご/おり,1560
1268,鳥用品,1560
1269,虫類用品,1560
1270,その他,1560
1271,食品,1258
1272,菓子,1271
1273,米,1271
1274,野菜,1271
1275,果物,1271
1276,調味料,1271
1277,魚介類(加工食品),1271
1278,肉類(加工食品),1271
1279,その他 加工食品,1271
1280,その他,1271
1281,飲料/酒,1258
1282,コーヒー,1282
1283,ソフトドリンク,1282
1284,ミネラルウォーター,1282
1285,茶,1282
1286,ウイスキー,1282
1287,ワイン,1282
1288,ブランデー,1282
1289,焼酎,1282
1290,日本酒,1282
1291,ビール、発泡酒,1282
1292,その他,1282
1293,日用品/生活雑貨/旅行,1258
1294,タオル/バス用品,1293
1295,日用品/生活雑貨,1293
1296,洗剤/柔軟剤,1293
1297,旅行用品,1293
1298,防災関連グッズ,1293
1299,その他,1293
1300,アンティーク/コレクション,1258
1301,雑貨,1300
1302,工芸品,1300
1303,家具,1300
1304,印刷物,1300
1305,その他,1300
1306,文房具/事務用品,1258
1307,筆記具,1306
1308,ノート/メモ帳,1306
1309,テープ/マスキングテープ,1306
1310,カレンダー/スケジュール,1306
1311,アルバム/スクラップ,1306
1312,ファイル/バインダー,1306
1313,はさみ/カッター,1306
1314,カードホルダー/名刺管理,1306
1315,のり/ホッチキス,1306
1316,その他,1306
1317,事務/店舗用品,1258
1318,オフィス用品一般,1317
1319,オフィス家具,1317
1320,店舗用品,1317
1321,OA機器,1317
1322,ラッピング/包装,1317
1323,その他,1317
1324,その他,1258